,mnist_loss,mnist_acc,train/loss,lr,val/loss,_timestamp,_step,_runtime,mfu,iter
0,4.148148059844971,0.09375,,,,1719008726.3898005,0,34.62952756881714,,0
1,,,5.673244953155518,0.0,5.673263072967529,1719008729.031925,1,37.27165198326111,-100.0,0
2,3.7687907218933105,0.1875,,,,1719008806.9090302,2,115.14875721931458,,250
3,,,3.600872039794922,0.000375,3.5887584686279297,1719008809.1679254,3,117.40765237808228,-100.0,250
4,4.303024768829346,0.09375,,,,1719008886.8551605,4,195.0948874950409,,500
5,,,3.5205538272857666,0.00075,3.5354506969451904,1719008889.034914,5,197.2746410369873,-100.0,500
6,4.295627593994141,0.109375,,,,1719008966.695101,6,274.934828042984,,750
7,,,3.4428608417510986,0.001125,3.449618339538574,1719008969.0195558,7,277.2592828273773,-100.0,750
8,3.656226396560669,0.25,,,,1719009047.977736,8,356.21746301651,,1000
9,,,3.3417046070098877,0.0015,3.3356146812438965,1719009050.170795,9,358.41052198410034,-100.0,1000
10,3.9164624214172363,0.15625,,,,1719009127.2616384,10,435.5013654232025,,1250
11,,,3.1918070316314697,0.001875,3.186098337173462,1719009129.4200053,11,437.65973234176636,-100.0,1250
12,3.4543380737304688,0.25,,,,1719009206.111251,12,514.3509781360626,,1500
13,,,3.0275371074676514,0.00225,3.008528709411621,1719009208.2711997,13,516.5109267234802,-100.0,1500
14,3.1729729175567627,0.265625,,,,1719009284.8722284,14,593.1119554042816,,1750
15,,,2.8846914768218994,0.002625,2.9091343879699707,1719009287.0435476,15,595.2832746505737,-100.0,1750
16,3.203535556793213,0.296875,,,,1719009363.92233,16,672.1620569229126,,2000
17,,,2.8185274600982666,0.003,2.8097705841064453,1719009366.0990293,17,674.3387563228607,-100.0,2000
18,2.7375705242156982,0.359375,,,,1719009442.7436547,18,750.9833817481995,,2250
19,,,2.726189136505127,0.0029985961268332406,2.7237179279327393,1719009444.9186437,19,753.1583707332611,-100.0,2250
20,2.763983964920044,0.40625,,,,1719009521.8565829,20,830.0963099002838,,2500
21,,,2.6599390506744385,0.0029943871796853246,2.6737232208251953,1719009523.9891543,21,832.2288813591003,-100.0,2500
22,2.650320291519165,0.34375,,,,1719009600.9129958,22,909.1527228355408,,2750
23,,,2.643831253051758,0.0029873811705263707,2.6528162956237793,1719009603.1258447,23,911.3655717372894,-100.0,2750
24,3.2069480419158936,0.296875,,,,1719009680.5354369,24,988.7751638889313,,3000
25,,,2.6192145347595215,0.002977591435693007,2.6126129627227783,1719009682.6606503,25,990.9003772735596,-100.0,3000
26,2.8839385509490967,0.34375,,,,1719009760.0361125,26,1068.2758395671844,,3250
27,,,2.574817657470703,0.002965036610501902,2.5932137966156006,1719009762.1681354,27,1070.4078624248505,-100.0,3250
28,2.4475526809692383,0.40625,,,,1719009839.0305457,28,1147.270272731781,,3500
29,,,2.5465381145477295,0.0029497405937763755,2.5524837970733643,1719009841.230936,29,1149.4706630706787,-100.0,3500
30,2.722465991973877,0.34375,,,,1719009918.4746528,30,1226.714379787445,,3750
31,,,2.5150201320648193,0.0029317325023536346,2.5405569076538086,1719009920.598,31,1228.8377270698547,-100.0,3750
32,2.3997201919555664,0.40625,,,,1719009997.3782387,32,1305.6179656982422,,4000
33,,,2.5363290309906006,0.002911046615659215,2.547107219696045,1719009999.484541,33,1307.7242679595947,-100.0,4000
34,2.252192258834839,0.515625,,,,1719010076.0219066,34,1384.2616336345673,,4250
35,,,2.51427960395813,0.002887722310454148,2.5144283771514893,1719010078.1135974,35,1386.3533244132996,-100.0,4250
36,2.2157859802246094,0.484375,,,,1719010154.965574,36,1463.2053010463715,,4500
37,,,2.4875807762145996,0.002861803985879059,2.4972119331359863,1719010157.0535827,37,1465.2933096885681,-100.0,4500
38,2.0937392711639404,0.5,,,,1719010233.6563096,38,1541.8960366249084,,4750
39,,,2.4585580825805664,0.002833340978937877,2.5048305988311768,1719010235.7453268,39,1543.9850537776947,-100.0,4750
40,1.912968397140503,0.484375,,,,1719010312.1426432,40,1620.3823702335358,,5000
41,,,2.489506721496582,0.0028023874705820472,2.476308584213257,1719010314.2338717,41,1622.4735987186432,-100.0,5000
42,1.6256603002548218,0.5,,,,1719010390.547933,42,1698.7876601219177,,5250
43,,,2.457200527191162,0.0027690023825740063,2.4725475311279297,1719010392.6290734,43,1700.8688004016876,-100.0,5250
44,1.9345241785049438,0.546875,,,,1719010469.2476382,44,1777.487365245819,,5500
45,,,2.4511642456054688,0.0027332492653262632,2.4745211601257324,1719010471.336658,45,1779.5763850212097,-100.0,5500
46,1.8475745916366577,0.515625,,,,1719010547.664776,46,1855.904503107071,,5750
47,,,2.458073377609253,0.002695196176929572,2.477355480194092,1719010549.7714026,47,1858.011129617691,-100.0,5750
48,1.7666765451431274,0.578125,,,,1719010626.0340698,48,1934.2737967967987,,6000
49,,,2.4377236366271973,0.0026549155536004926,2.464160203933716,1719010628.1845882,49,1936.424315214157,-100.0,6000
50,1.984254240989685,0.453125,,,,1719010704.383269,50,2012.6229960918427,,6250
51,,,2.452648162841797,0.002612484071794933,2.465209722518921,1719010706.4663534,51,2014.7060804367065,-100.0,6250
52,2.0001540184020996,0.546875,,,,1719010782.522378,52,2090.762104988098,,6500
53,,,2.4134204387664795,0.0025679825022501576,2.45794677734375,1719010784.6404867,53,2092.880213737488,-100.0,6500
54,2.0856313705444336,0.515625,,,,1719010860.7951458,54,2169.0348727703094,,6750
55,,,2.4252443313598633,0.002521495556233099,2.4233100414276123,1719010862.915682,55,2171.1554090976715,-100.0,6750
56,1.4054621458053589,0.609375,,,,1719010939.0152552,56,2247.2549822330475,,7000
57,,,2.4200658798217773,0.0024731117242876455,2.43627667427063,1719010941.112147,57,2249.351874113083,-100.0,7000
58,2.064077615737915,0.546875,,,,1719011017.250968,58,2325.490694999695,,7250
59,,,2.4192519187927246,0.002422923107787863,2.4397456645965576,1719011019.3427725,59,2327.5824995040894,-100.0,7250
60,1.748969316482544,0.5,,,,1719011095.526337,60,2403.766063928604,,7500
61,,,2.39469051361084,0.002371025243617793,2.431840658187866,1719011097.6406283,61,2405.880355358124,-100.0,7500
62,1.356325626373291,0.640625,,,,1719011173.784244,62,2482.02397108078,,7750
63,,,2.3902359008789062,0.0023175169223115656,2.4271841049194336,1719011175.8708,63,2484.110527038574,-100.0,7750
64,1.2881869077682495,0.6875,,,,1719011251.8823795,64,2560.122106552124,,8000
65,,,2.3742146492004395,0.0022625,2.4225146770477295,1719011253.9790132,65,2562.2187402248383,-100.0,8000
66,2.0098443031311035,0.5625,,,,1719011330.0311701,66,2638.2708971500397,,8250
67,,,2.3897407054901123,0.0022060792045216753,2.408907890319824,1719011332.336057,67,2640.575783967972,-100.0,8250
68,2.2145273685455322,0.46875,,,,1719011408.8848047,68,2717.1245317459106,,8500
69,,,2.3740367889404297,0.0021483619360675318,2.4178619384765625,1719011410.9888728,69,2719.2285997867584,-100.0,8500
70,1.6367019414901733,0.53125,,,,1719011488.8758383,70,2797.115565299988,,8750
71,,,2.380359649658203,0.0020894580627385077,2.416085720062256,1719011491.0000029,71,2799.2397298812866,-100.0,8750
72,1.6499300003051758,0.546875,,,,1719011566.9463212,72,2875.186048269272,,9000
73,,,2.3666064739227295,0.0020294797114053615,2.400355339050293,1719011569.016057,73,2877.255784034729,-100.0,9000
74,1.6150082349777222,0.59375,,,,1719011645.099093,74,2953.3388199806213,,9250
75,,,2.3580775260925293,0.001968541054268803,2.3957667350769043,1719011647.1767166,75,2955.4164435863495,-100.0,9250
76,1.6619409322738647,0.53125,,,,1719011723.3014462,76,3031.541173219681,,9500
77,,,2.3594391345977783,0.001906758091526218,2.3812413215637207,1719011725.3645964,77,3033.604323387146,-100.0,9500
78,2.139007568359375,0.515625,,,,1719011801.3786998,78,3109.618426799774,,9750
79,,,2.3344624042510986,0.0018442484305587015,2.398172378540039,1719011803.453758,79,3111.693485021591,-100.0,9750
80,2.102252244949341,0.4375,,,,1719011879.5310864,80,3187.7708134651184,,10000
81,,,2.3398311138153076,0.0017811310620587223,2.3714258670806885,1719011881.6016512,81,3189.841378211975,-100.0,10000
82,1.644403100013733,0.53125,,,,1719011957.6264262,82,3265.866153240204,,10250
83,,,2.346280336380005,0.0017175261335245762,2.378054618835449,1719011959.7043946,83,3267.9441215991974,-100.0,10250
84,1.9710164070129395,0.453125,,,,1719012035.6904135,84,3343.9301404953003,,10500
85,,,2.3164567947387695,0.001653554720552796,2.3806967735290527,1719012037.7416272,85,3345.981354236603,-100.0,10500
86,1.8091703653335571,0.515625,,,,1719012113.7111113,86,3421.950838327408,,10750
87,,,2.3282599449157715,0.0015893385963638706,2.3753716945648193,1719012115.7881696,87,3424.027896642685,-100.0,10750
88,1.6036808490753174,0.578125,,,,1719012191.731186,88,3499.9709129333496,,11000
89,,,2.322627067565918,0.0015249999999999999,2.370161294937134,1719012193.7886503,89,3502.0283772945404,-100.0,11000
90,1.5894687175750732,0.578125,,,,1719012269.9191809,90,3578.15890789032,,11250
91,,,2.3032069206237793,0.0014606614036361295,2.3525242805480957,1719012271.9667816,91,3580.2065086364746,-100.0,11250
92,1.8730629682540894,0.5625,,,,1719012347.9673774,92,3656.207104444504,,11500
93,,,2.2987284660339355,0.001396445279447204,2.3519058227539062,1719012350.0115035,93,3658.2512304782867,-100.0,11500
94,1.7420319318771362,0.546875,,,,1719012426.0191696,94,3734.258896589279,,11750
95,,,2.3062098026275635,0.0013324738664754242,2.3585898876190186,1719012428.092616,95,3736.3323431015015,-100.0,11750
96,1.2019867897033691,0.671875,,,,1719012504.0521908,96,3812.2919178009033,,12000
97,,,2.2959389686584473,0.0012688689379412776,2.3559181690216064,1719012506.1061769,97,3814.3459038734436,-100.0,12000
98,1.483982801437378,0.578125,,,,1719012582.0680282,98,3890.3077552318573,,12250
99,,,2.294290542602539,0.0012057515694412983,2.334615468978882,1719012584.1182039,99,3892.3579308986664,-100.0,12250
100,1.6787465810775757,0.5,,,,1719012660.8380635,100,3969.0777904987335,,12500
101,,,2.2768659591674805,0.0011432419084737816,2.3392155170440674,1719012662.876932,101,3971.11665892601,-100.0,12500
102,1.6004465818405151,0.5625,,,,1719012738.7888288,102,4047.028555870056,,12750
103,,,2.273167610168457,0.0010814589457311971,2.3570048809051514,1719012740.863673,103,4049.103399991989,-100.0,12750
104,1.512274980545044,0.625,,,,1719012816.7886853,104,4125.0284123420715,,13000
105,,,2.2686586380004883,0.0010205202885946387,2.3453588485717773,1719012818.9208958,105,4127.160622835159,-100.0,13000
106,1.0652048587799072,0.65625,,,,1719012895.35176,106,4203.591486930847,,13250
107,,,2.271571636199951,0.0009605419372614927,2.3248488903045654,1719012897.4230874,107,4205.662814378738,-100.0,13250
108,1.4087601900100708,0.625,,,,1719012973.4705718,108,4281.710298776627,,13500
109,,,2.256498098373413,0.0009016380639324685,2.327249526977539,1719012975.5560763,109,4283.795803308487,-100.0,13500
110,1.3800263404846191,0.65625,,,,1719013051.4744954,110,4359.714222431183,,13750
111,,,2.260280132293701,0.0008439207954783253,2.3207998275756836,1719013053.5441709,111,4361.7838978767395,-100.0,13750
112,1.3900257349014282,0.640625,,,,1719013129.5358152,112,4437.775542259216,,14000
113,,,2.244546413421631,0.0007875000000000003,2.3045592308044434,1719013131.5849948,113,4439.824721813202,-100.0,14000
114,1.4430567026138306,0.5625,,,,1719013207.8143423,114,4516.054069280624,,14250
115,,,2.248408317565918,0.0007324830776884346,2.341592788696289,1719013209.8816159,115,4518.121342897415,-100.0,14250
116,1.2739278078079224,0.671875,,,,1719013285.8228676,116,4594.062594652176,,14500
117,,,2.234525203704834,0.0006789747563822075,2.3281826972961426,1719013287.8704805,117,4596.110207557678,-100.0,14500
118,1.2512106895446777,0.609375,,,,1719013363.9308245,118,4672.170551538467,,14750
119,,,2.2183151245117188,0.000627076892212137,2.332326650619507,1719013365.9816566,119,4674.221383571625,-100.0,14750
120,1.63127863407135,0.59375,,,,1719013442.052475,120,4750.29220199585,,15000
121,,,2.2279655933380127,0.0005768882757123544,2.31878924369812,1719013444.0919511,121,4752.331678152084,-100.0,15000
122,1.3286024332046509,0.59375,,,,1719013520.7448652,122,4828.984592199326,,15250
123,,,2.221707820892334,0.0005285044437669011,2.303704023361206,1719013522.7916787,123,4831.031405687332,-100.0,15250
124,1.050424337387085,0.671875,,,,1719013599.5554883,124,4907.795215368271,,15500
125,,,2.2078816890716553,0.0004820174977498425,2.3036913871765137,1719013601.6273751,125,4909.867102146149,-100.0,15500
126,1.158934235572815,0.71875,,,,1719013677.6467698,126,4985.886496782303,,15750
127,,,2.207280158996582,0.00043751592820506714,2.316642999649048,1719013679.6994238,127,4987.939150810242,-100.0,15750
128,1.2369084358215332,0.640625,,,,1719013755.7615933,128,5064.001320362091,,16000
129,,,2.19956111907959,0.0003950844463995076,2.3062047958374023,1719013757.8137887,129,5066.053515672684,-100.0,16000
130,1.6773791313171387,0.5625,,,,1719013833.7610595,130,5142.0007865428925,,16250
131,,,2.219257354736328,0.0003548038230704283,2.303178071975708,1719013835.7993257,131,5144.039052724838,-100.0,16250
132,1.0296046733856201,0.6875,,,,1719013912.2364511,132,5220.4761781692505,,16500
133,,,2.1688694953918457,0.00031675073467373697,2.300954580307007,1719013914.2665968,133,5222.506323814392,-100.0,16500
134,1.32686448097229,0.640625,,,,1719013990.296511,134,5298.536237955093,,16750
135,,,2.1792633533477783,0.0002809976174259939,2.280428886413574,1719013992.3184476,135,5300.558174610138,-100.0,16750
136,1.564943790435791,0.59375,,,,1719014068.6628137,136,5376.902540683746,,17000
137,,,2.189957857131958,0.0002476125294179529,2.295031785964966,1719014070.7245362,137,5378.96426320076,-100.0,17000
138,1.0369778871536255,0.6875,,,,1719014146.7948382,138,5455.034565210342,,17250
139,,,2.1700305938720703,0.00021665902106212295,2.302232265472412,1719014148.83093,139,5457.070657014847,-100.0,17250
140,1.1634373664855957,0.703125,,,,1719014225.302349,140,5533.54207611084,,17500
141,,,2.1736388206481934,0.00018819601412094133,2.3077023029327393,1719014227.3508365,141,5535.59056353569,-100.0,17500
142,1.1435848474502563,0.671875,,,,1719014303.3092487,142,5611.5489757061005,,17750
143,,,2.185197114944458,0.00016227768954585206,2.2914326190948486,1719014305.364211,143,5613.603938102722,-100.0,17750
144,1.038824439048767,0.671875,,,,1719014381.324063,144,5689.5637900829315,,18000
145,,,2.1479947566986084,0.00013895338434078523,2.3005144596099854,1719014383.379266,145,5691.6189930438995,-100.0,18000
146,1.259472370147705,0.65625,,,,1719014459.4001026,146,5767.63982963562,,18250
147,,,2.1596391201019287,0.00011826749764636544,2.3154871463775635,1719014461.4469242,147,5769.686651229858,-100.0,18250
148,1.422720193862915,0.625,,,,1719014537.4249856,148,5845.664712667465,,18500
149,,,2.152233123779297,0.0001002594062236244,2.315673828125,1719014539.4831367,149,5847.722863674164,-100.0,18500
150,1.1166592836380005,0.65625,,,,1719014616.2762356,150,5924.515962600708,,18750
151,,,2.1493406295776367,8.496338949809829e-05,2.297394037246704,1719014618.3065398,151,5926.546266794205,-100.0,18750
152,1.3174738883972168,0.625,,,,1719014694.3411508,152,6002.580877780914,,19000
153,,,2.1605844497680664,7.240856430699317e-05,2.282278060913086,1719014696.3698711,153,6004.60959815979,-100.0,19000
154,1.2074623107910156,0.671875,,,,1719014772.3644023,154,6080.604129314423,,19250
155,,,2.161623001098633,6.261882947362969e-05,2.2823092937469482,1719014774.388006,155,6082.627732992172,-100.0,19250
156,1.0495144128799438,0.703125,,,,1719014850.3018563,156,6158.541583299637,,19500
157,,,2.1521167755126953,5.561282031467532e-05,2.2964606285095215,1719014852.321883,157,6160.561609983444,-100.0,19500
158,0.9958219528198242,0.6875,,,,1719014928.6500738,158,6236.889800786972,,19750
159,,,2.169161319732666,5.140387316675975e-05,2.275327205657959,1719014930.7187529,159,6238.958479881287,-100.0,19750
160,0.9311839938163757,0.71875,,,,1719015006.8727524,160,6315.1124794483185,,20000
161,,,2.15057110786438,5e-05,2.296710968017578,1719015008.8981462,161,6317.13787317276,-100.0,20000
162,1.3922044038772583,0.65625,,,,1719015084.7960422,162,6393.035769224167,,20250
163,,,2.137460470199585,5e-05,2.2981514930725098,1719015086.837554,163,6395.07728099823,-100.0,20250
164,1.0218688249588013,0.71875,,,,1719015162.8156247,164,6471.055351734161,,20500
165,,,2.1586005687713623,5e-05,2.300968885421753,1719015164.8462348,165,6473.085961818695,-100.0,20500
166,1.1628007888793945,0.640625,,,,1719015240.7734537,166,6549.013180732727,,20750
167,,,2.152269124984741,5e-05,2.2804949283599854,1719015242.9567719,167,6551.19649887085,-100.0,20750
168,1.2448537349700928,0.625,,,,1719015318.9098692,168,6627.149596214294,,21000
169,,,2.1596779823303223,5e-05,2.289870500564575,1719015320.9481437,169,6629.1878707408905,-100.0,21000
170,0.923713207244873,0.75,,,,1719015397.684911,170,6705.924638032913,,21250
171,,,2.152808666229248,5e-05,2.293471097946167,1719015399.736125,171,6707.975852012634,-100.0,21250
172,1.240504264831543,0.6875,,,,1719015475.6160047,172,6783.855731725693,,21500
173,,,2.1612606048583984,5e-05,2.3119935989379883,1719015477.6346705,173,6785.874397516251,-100.0,21500
174,1.4138514995574951,0.5625,,,,1719015553.5432107,174,6861.7829377651215,,21750
175,,,2.142136573791504,5e-05,2.2950856685638428,1719015555.5634704,175,6863.803197383881,-100.0,21750
176,1.2583998441696167,0.65625,,,,1719015631.477366,176,6939.717092990875,,22000
177,,,2.157933473587036,5e-05,2.2960383892059326,1719015633.5108237,177,6941.750550746918,-100.0,22000
178,1.3027725219726562,0.671875,,,,1719015709.6633658,178,7017.9030928611755,,22250
179,,,2.1444852352142334,5e-05,2.292954683303833,1719015711.6894436,179,7019.9291706085205,-100.0,22250
180,1.511387825012207,0.5625,,,,1719015787.6108725,180,7095.850599527359,,22500
181,,,2.1516172885894775,5e-05,2.313828229904175,1719015789.6337473,181,7097.873474359512,-100.0,22500
182,1.0214956998825073,0.65625,,,,1719015865.8693166,182,7174.109043598175,,22750
183,,,2.125828504562378,5e-05,2.2776713371276855,1719015867.9283066,183,7176.1680335998535,-100.0,22750
184,1.008334755897522,0.75,,,,1719015943.8790634,184,7252.118790388107,,23000
185,,,2.1441378593444824,5e-05,2.3018155097961426,1719015945.9079726,185,7254.147699594498,-100.0,23000
186,1.1217797994613647,0.640625,,,,1719016022.1106489,186,7330.350375890732,,23250
187,,,2.1522419452667236,5e-05,2.290039300918579,1719016024.1332207,187,7332.372947692871,-100.0,23250
188,1.1425755023956299,0.703125,,,,1719016100.067032,188,7408.306759119034,,23500
189,,,2.130887746810913,5e-05,2.2906761169433594,1719016102.083011,189,7410.322737932205,-100.0,23500
190,1.2384250164031982,0.671875,,,,1719016178.0357947,190,7486.2755217552185,,23750
191,,,2.1564979553222656,5e-05,2.2733442783355713,1719016180.0685,191,7488.308227062225,-100.0,23750
192,0.9368175864219666,0.734375,,,,1719016256.1820276,192,7564.421754598618,,24000
193,,,2.139293670654297,5e-05,2.301694631576538,1719016258.2260756,193,7566.465802669525,-100.0,24000
194,1.029770016670227,0.75,,,,1719016334.345076,194,7642.584803104401,,24250
195,,,2.166774272918701,5e-05,2.3069047927856445,1719016336.4025254,195,7644.642252445221,-100.0,24250
196,0.8510778546333313,0.78125,,,,1719016412.896268,196,7721.135994911194,,24500
197,,,2.1490519046783447,5e-05,2.2917728424072266,1719016414.9290023,197,7723.168729305267,-100.0,24500
198,1.1887198686599731,0.65625,,,,1719016490.854435,198,7799.094161987305,,24750
199,,,2.158679246902466,5e-05,2.2824137210845947,1719016492.9272025,199,7801.166929483414,-100.0,24750
200,1.1917744874954224,0.640625,,,,1719016569.0815685,200,7877.321295499802,,25000
201,,,2.148448944091797,5e-05,2.2857704162597656,1719016571.1768386,201,7879.416565656662,-100.0,25000
202,0.7907828688621521,0.796875,,,,1719016647.104849,202,7955.344576120377,,25250
203,,,2.129304885864258,5e-05,2.3075778484344482,1719016649.1388228,203,7957.378549814224,-100.0,25250
204,0.8867863416671753,0.65625,,,,1719016725.4021745,204,8033.6419014930725,,25500
205,,,2.1448371410369873,5e-05,2.3022327423095703,1719016727.4228926,205,8035.662619590759,-100.0,25500
206,0.9060347676277161,0.71875,,,,1719016803.3710032,206,8111.610730171204,,25750
207,,,2.132129192352295,5e-05,2.3352766036987305,1719016805.4115005,207,8113.651227474213,-100.0,25750
208,1.1991114616394043,0.703125,,,,1719016881.6529472,208,8189.892674207687,,26000
209,,,2.148635149002075,5e-05,2.2839386463165283,1719016883.7183,209,8191.958027124405,-100.0,26000
210,1.4097777605056763,0.640625,,,,1719016960.0031235,210,8268.242850542068,,26250
211,,,2.151384115219116,5e-05,2.3149187564849854,1719016962.0379798,211,8270.277706861496,-100.0,26250
212,0.8610833287239075,0.765625,,,,1719017038.3007355,212,8346.540462493896,,26500
213,,,2.1513688564300537,5e-05,2.2970387935638428,1719017040.3392253,213,8348.57895231247,-100.0,26500
214,0.7250838875770569,0.765625,,,,1719017116.5658517,214,8424.805578708649,,26750
215,,,2.1435627937316895,5e-05,2.280702829360962,1719017118.6020415,215,8426.841768503189,-100.0,26750
216,1.2197351455688477,0.703125,,,,1719017194.864308,216,8503.104035139084,,27000
217,,,2.1348869800567627,5e-05,2.273677349090576,1719017196.8986642,217,8505.138391256332,-100.0,27000
218,0.9925397634506226,0.71875,,,,1719017272.9722817,218,8581.212008714676,,27250
219,,,2.137173652648926,5e-05,2.3072445392608643,1719017275.2053363,219,8583.445063352585,-100.0,27250
220,0.9869872331619263,0.71875,,,,1719017351.9771266,220,8660.216853618622,,27500
221,,,2.1570470333099365,5e-05,2.2768051624298096,1719017354.0006275,221,8662.240354537964,-100.0,27500
222,1.0196560621261597,0.71875,,,,1719017430.5015824,222,8738.741309404373,,27750
223,,,2.1443169116973877,5e-05,2.297030448913574,1719017432.539744,223,8740.779470920563,-100.0,27750
224,1.219185471534729,0.75,,,,1719017508.5871706,224,8816.826897621155,,28000
225,,,2.1487021446228027,5e-05,2.2926981449127197,1719017510.6370265,225,8818.87675356865,-100.0,28000
226,1.4860122203826904,0.578125,,,,1719017586.8515117,226,8895.091238737106,,28250
227,,,2.1285271644592285,5e-05,2.317897081375122,1719017588.9043374,227,8897.144064426422,-100.0,28250
228,1.1845704317092896,0.671875,,,,1719017665.335078,228,8973.574805021286,,28500
229,,,2.138576030731201,5e-05,2.3184144496917725,1719017667.659374,229,8975.899101018906,-100.0,28500
230,1.2886568307876587,0.640625,,,,1719017743.8695595,230,9052.109286546707,,28750
231,,,2.147850275039673,5e-05,2.2688610553741455,1719017745.898278,231,9054.138005018234,-100.0,28750
232,1.3971658945083618,0.578125,,,,1719017821.916866,232,9130.156593084335,,29000
233,,,2.1364405155181885,5e-05,2.292184591293335,1719017823.9516838,233,9132.191410779953,-100.0,29000
234,1.2506674528121948,0.703125,,,,1719017899.8883474,234,9208.128074407578,,29250
235,,,2.132185459136963,5e-05,2.3140809535980225,1719017901.9211464,235,9210.160873413086,-100.0,29250
236,0.9431710839271545,0.765625,,,,1719017977.8460286,236,9286.085755586624,,29500
237,,,2.143697500228882,5e-05,2.277029514312744,1719017979.961382,237,9288.201108932495,-100.0,29500
238,1.3859667778015137,0.59375,,,,1719018056.1550348,238,9364.394761800766,,29750
239,,,2.134817600250244,5e-05,2.296104669570923,1719018058.178187,239,9366.417913913727,-100.0,29750
240,0.8185750842094421,0.796875,,,,1719018134.1754742,240,9442.415201187134,,30000
241,,,2.1392054557800293,5e-05,2.308490753173828,1719018136.214151,241,9444.453877925873,-100.0,30000
242,1.031673550605774,0.703125,,,,1719018213.3596032,242,9521.599330186844,,30250
243,,,2.1417641639709473,5e-05,2.3139538764953613,1719018215.3993587,243,9523.639085769653,-100.0,30250
244,1.3725991249084473,0.65625,,,,1719018291.331644,244,9599.571371078491,,30500
245,,,2.1146950721740723,5e-05,2.2872390747070312,1719018293.3551834,245,9601.594910383224,-100.0,30500
246,1.1826173067092896,0.625,,,,1719018369.2776148,246,9677.517341852188,,30750
247,,,2.149244546890259,5e-05,2.2916929721832275,1719018371.3049471,247,9679.544674158096,-100.0,30750
248,1.0610381364822388,0.703125,,,,1719018448.0369062,248,9756.276633262634,,31000
249,,,2.1470160484313965,5e-05,2.2930376529693604,1719018450.0618818,249,9758.301608800888,-100.0,31000
250,1.5270583629608154,0.625,,,,1719018525.9521165,250,9834.191843509674,,31250
251,,,2.134455680847168,5e-05,2.282792568206787,1719018528.0254178,251,9836.265144824982,-100.0,31250
252,1.2480559349060059,0.640625,,,,1719018604.209667,252,9912.449393987656,,31500
253,,,2.1348931789398193,5e-05,2.2915639877319336,1719018606.242044,253,9914.481770992279,-100.0,31500
254,1.328740119934082,0.671875,,,,1719018682.4606452,254,9990.700372219086,,31750
255,,,2.130850076675415,5e-05,2.303388833999634,1719018684.4829905,255,9992.722717523575,-100.0,31750
256,1.1624081134796143,0.703125,,,,1719018760.422182,256,10068.661909103394,,32000
257,,,2.139374256134033,5e-05,2.3054075241088867,1719018762.4968534,257,10070.736580371857,-100.0,32000
258,0.9886049032211304,0.671875,,,,1719018838.5431387,258,10146.78286576271,,32250
259,,,2.1450035572052,5e-05,2.2886202335357666,1719018840.6218007,259,10148.86152768135,-100.0,32250
260,1.501177191734314,0.59375,,,,1719018916.7455683,260,10224.985295295715,,32500
261,,,2.1529178619384766,5e-05,2.279244899749756,1719018918.8023179,261,10227.042044878006,-100.0,32500
262,1.5726425647735596,0.625,,,,1719018994.7224464,262,10302.962173461914,,32750
263,,,2.1466050148010254,5e-05,2.3216376304626465,1719018996.790243,263,10305.029969930649,-100.0,32750
264,1.2652826309204102,0.734375,,,,1719019072.8720837,264,10381.111810684204,,33000
265,,,2.1406874656677246,5e-05,2.306943416595459,1719019074.95138,265,10383.191107034683,-100.0,33000
266,1.1195091009140015,0.65625,,,,1719019151.339889,266,10459.579616069794,,33250
267,,,2.154031753540039,5e-05,2.2904398441314697,1719019153.3718839,267,10461.611610889435,-100.0,33250
268,1.0574067831039429,0.75,,,,1719019229.3152921,268,10537.555019140244,,33500
269,,,2.1320576667785645,5e-05,2.3120388984680176,1719019231.380499,269,10539.620225906372,-100.0,33500
270,1.0218974351882935,0.703125,,,,1719019307.9339504,270,10616.173677444458,,33750
271,,,2.1398520469665527,5e-05,2.3322231769561768,1719019309.9839342,271,10618.223661184311,-100.0,33750
272,1.15639328956604,0.6875,,,,1719019386.2706456,272,10694.510372638702,,34000
273,,,2.1489362716674805,5e-05,2.31978440284729,1719019388.3183196,273,10696.558046579361,-100.0,34000
274,1.3076508045196533,0.609375,,,,1719019464.2607665,274,10772.500493526459,,34250
275,,,2.146566867828369,5e-05,2.288285732269287,1719019466.3036838,275,10774.543410778046,-100.0,34250
276,0.9929695725440979,0.734375,,,,1719019543.5052536,276,10851.744980573654,,34500
277,,,2.1267216205596924,5e-05,2.3108386993408203,1719019545.553697,277,10853.793424129486,-100.0,34500
278,1.1557936668395996,0.6875,,,,1719019621.4824018,278,10929.722128868103,,34750
279,,,2.1287436485290527,5e-05,2.2941935062408447,1719019623.5221078,279,10931.761834859848,-100.0,34750
280,1.0706206560134888,0.734375,,,,1719019699.4614844,280,11007.701211452484,,35000
281,,,2.1182162761688232,5e-05,2.2997617721557617,1719019701.545585,281,11009.785311937332,-100.0,35000
282,0.8279260396957397,0.78125,,,,1719019777.8861043,282,11086.125831365585,,35250
283,,,2.1433591842651367,5e-05,2.306070327758789,1719019779.9353173,283,11088.175044298172,-100.0,35250
284,1.1900362968444824,0.671875,,,,1719019855.8896747,284,11164.129401683807,,35500
285,,,2.1215779781341553,5e-05,2.3038277626037598,1719019858.0483315,285,11166.288058519363,-100.0,35500
286,0.9014370441436768,0.6875,,,,1719019933.9591312,286,11242.198858261108,,35750
287,,,2.1361217498779297,5e-05,2.305441379547119,1719019936.0032914,287,11244.243018388748,-100.0,35750
288,1.0638437271118164,0.703125,,,,1719020011.9324937,288,11320.17222070694,,36000
289,,,2.115861177444458,5e-05,2.3104910850524902,1719020013.9826183,289,11322.222345352173,-100.0,36000
290,1.1161469221115112,0.703125,,,,1719020090.2324455,290,11398.472172498703,,36250
291,,,2.13272762298584,5e-05,2.306743621826172,1719020092.2740915,291,11400.513818502426,-100.0,36250
292,1.1263854503631592,0.6875,,,,1719020168.3844426,292,11476.624169588089,,36500
293,,,2.1389565467834473,5e-05,2.307142972946167,1719020170.403166,293,11478.642893075943,-100.0,36500
294,1.22869074344635,0.671875,,,,1719020246.3254933,294,11554.565220355988,,36750
295,,,2.123755693435669,5e-05,2.327484369277954,1719020248.3444526,295,11556.584179639816,-100.0,36750
296,1.066611647605896,0.703125,,,,1719020324.252318,296,11632.49204492569,,37000
297,,,2.135866165161133,5e-05,2.2965235710144043,1719020326.2708972,297,11634.510624170303,-100.0,37000
298,0.9019394516944885,0.734375,,,,1719020402.2863948,298,11710.526121854782,,37250
299,,,2.114314079284668,5e-05,2.3033952713012695,1719020404.301436,299,11712.541162967682,-100.0,37250
300,1.2114967107772827,0.703125,,,,1719020480.220533,300,11788.460259914398,,37500
301,,,2.1316094398498535,5e-05,2.306494951248169,1719020482.238724,301,11790.478451013565,-100.0,37500
302,0.998195230960846,0.71875,,,,1719020558.5909317,302,11866.83065867424,,37750
303,,,2.133275032043457,5e-05,2.294222593307495,1719020560.6300187,303,11868.869745731354,-100.0,37750
304,1.1348153352737427,0.671875,,,,1719020636.5770504,304,11944.816777467728,,38000
305,,,2.1318745613098145,5e-05,2.2965030670166016,1719020638.7079422,305,11946.947669267654,-100.0,38000
306,1.0695886611938477,0.734375,,,,1719020715.2356534,306,12023.475380420685,,38250
307,,,2.1305785179138184,5e-05,2.3077235221862793,1719020717.28173,307,12025.521456956863,-100.0,38250
308,1.3097124099731445,0.625,,,,1719020793.1770551,308,12101.416782140732,,38500
309,,,2.1416544914245605,5e-05,2.3130264282226562,1719020795.2413864,309,12103.481113433838,-100.0,38500
310,1.507566213607788,0.609375,,,,1719020871.1571567,310,12179.39688372612,,38750
311,,,2.159053325653076,5e-05,2.318495035171509,1719020873.177956,311,12181.417683124542,-100.0,38750
312,0.9986258149147034,0.71875,,,,1719020949.1110032,312,12257.35073018074,,39000
313,,,2.123124361038208,5e-05,2.3129119873046875,1719020951.202159,313,12259.441885948181,-100.0,39000
314,1.140053153038025,0.671875,,,,1719021027.492015,314,12335.731741905212,,39250
315,,,2.1427881717681885,5e-05,2.3081986904144287,1719021029.5153968,315,12337.755123853683,-100.0,39250
316,0.8552961945533752,0.71875,,,,1719021105.4595063,316,12413.699233293533,,39500
317,,,2.158498764038086,5e-05,2.312330484390259,1719021107.4794912,317,12415.71921825409,-100.0,39500
318,1.1332545280456543,0.640625,,,,1719021183.4373116,318,12491.677038669586,,39750
319,,,2.1246695518493652,5e-05,2.318924903869629,1719021185.4616785,319,12493.701405525208,-100.0,39750
320,1.1377906799316406,0.671875,,,,1719021261.4114099,320,12569.651136875153,,40000
321,,,2.1270923614501953,5e-05,2.3501687049865723,1719021263.5657942,321,12571.805521249771,-100.0,40000
